Date,"Total Cases","New Cases","New Cases 7-Day Moving Average","Case Growth","Cases Growth 7DMA","Total Deaths","New Deaths","New Deaths 7DMA","Death Growth","Death Growth 7DMA","Total Recoveries","New Recoveries","Recovery Rate","Active Cases","Case Fatality Rate (CFR)","Adjusted CFR","Total Deaths per MM Population","Total Cases per MM Population","Active Cases per ICU Bed"
2021-05-12,2644,1,2,0.04%,0.06%,26,0,0,0,0,2600,9,98.34%,18,0.98%,0.99%,5.39,548.32
2021-05-11,2643,-1,2,-0.04%,0.08%,26,0,0,0,0,2591,0,98.03%,26,0.98%,0.99%,5.39,548.11
2021-05-10,2644,0,3,0,0.11%,26,0,0,0,0,2591,0,98%,27,0.98%,0.99%,5.39,548.32
2021-05-09,2644,2,3,0.08%,0.12%,26,0,0,0,0,2591,2,98%,27,0.98%,0.99%,5.39,548.32
2021-05-08,2642,8,3,0.3%,0.13%,26,0,0,0,0,2589,7,97.99%,27,0.98%,0.99%,5.39,547.91
2021-05-07,2634,0,3,0,0.11%,26,0,0,0,0,2582,0,98.03%,26,0.99%,1%,5.39,546.25
2021-05-06,2634,1,3,0.04%,0.11%,26,0,0,0,0,2582,3,98.03%,26,0.99%,1%,5.39,546.25
2021-05-05,2633,4,3,0.15%,0.11%,26,0,0,0,0,2579,1,97.95%,28,0.99%,1%,5.39,546.04
2021-05-04,2629,6,3,0.23%,0.11%,26,0,0,0,0,2578,5,98.06%,25,0.99%,1%,5.39,545.21
2021-05-03,2623,1,2,0.04%,0.08%,26,0,0,0,0,2573,2,98.09%,24,0.99%,1%,5.39,543.97
2021-05-02,2622,4,3,0.15%,0.11%,26,0,0,0,0,2571,3,98.05%,25,0.99%,1%,5.39,543.76
2021-05-01,2618,5,2,0.19%,0.09%,26,0,0,0,0,2568,4,98.09%,24,0.99%,1%,5.39,542.93
2021-04-30,2613,0,2,0,0.07%,26,0,0,0,0,2564,0,98.12%,23,1%,1%,5.39,541.89
2021-04-29,2613,0,2,0,0.07%,26,0,0,0,0,2564,0,98.12%,23,1%,1%,5.39,541.89
2021-04-28,2613,4,2,0.15%,0.07%,26,0,0,0,0,2564,17,98.12%,23,1%,1%,5.39,541.89
2021-04-27,2609,0,1,0,0.06%,26,0,0,0,0,2547,0,97.62%,36,1%,1.01%,5.39,541.06
2021-04-26,2609,8,2,0.31%,0.07%,26,0,0,0,0,2547,5,97.62%,36,1%,1.01%,5.39,541.06
2021-04-25,2601,0,1,0,0.03%,26,0,0,0,0,2542,0,97.73%,33,1%,1.01%,5.39,539.4
2021-04-24,2601,1,1,0.04%,0.03%,26,0,0,0,0,2542,0,97.73%,33,1%,1.01%,5.39,539.4
2021-04-23,2600,0,1,0,0.05%,26,0,0,0,0,2542,0,97.77%,32,1%,1.01%,5.39,539.2
2021-04-22,2600,0,1,0,0.05%,26,0,0,0,0,2542,48,97.77%,32,1%,1.01%,5.39,539.2
2021-04-21,2600,1,1,0.04%,0.05%,26,0,0,0,0,2494,4,95.92%,80,1%,1.03%,5.39,539.2
2021-04-20,2599,2,1,0.08%,0.06%,26,0,0,0,0,2490,5,95.81%,83,1%,1.03%,5.39,538.99
2021-04-19,2597,1,1,0.04%,0.06%,26,0,0,0,0,2485,17,95.69%,86,1%,1.04%,5.39,538.57
2021-04-18,2596,1,2,0.04%,0.07%,26,0,0,0,0,2468,1,95.07%,102,1%,1.04%,5.39,538.37
2021-04-17,2595,4,3,0.15%,0.12%,26,0,0,0,0,2467,3,95.07%,102,1%,1.04%,5.39,538.16
2021-04-16,2591,0,3,0,0.11%,26,0,0,0,0,2464,0,95.1%,101,1%,1.04%,5.39,537.33
2021-04-15,2591,0,4,0,0.17%,26,0,0,0,0,2464,0,95.1%,101,1%,1.04%,5.39,537.33
2021-04-14,2591,2,5,0.08%,0.2%,26,0,0,0,0,2464,2,95.1%,101,1%,1.04%,5.39,537.33
2021-04-13,2589,2,8,0.08%,0.32%,26,0,0,0,0,2462,3,95.09%,101,1%,1.05%,5.39,536.91
2021-04-12,2587,4,9,0.15%,0.35%,26,0,0,0,0,2459,2,95.05%,102,1.01%,1.05%,5.39,536.5
2021-04-11,2583,9,11,0.35%,0.43%,26,0,0,0,0,2457,17,95.12%,100,1.01%,1.05%,5.39,535.67
2021-04-10,2574,3,10,0.12%,0.41%,26,0,0,0,0,2440,0,94.79%,108,1.01%,1.05%,5.39,533.8
2021-04-09,2571,10,10,0.39%,0.4%,26,0,0,0,0,2440,0,94.9%,105,1.01%,1.05%,5.39,533.18
2021-04-08,2561,6,9,0.23%,0.34%,26,0,0,0,0,2440,6,95.28%,95,1.02%,1.05%,5.39,531.11
2021-04-07,2555,24,8,0.95%,0.31%,26,0,0,0,0,2434,10,95.26%,95,1.02%,1.06%,5.39,529.86
2021-04-06,2531,7,5,0.28%,0.19%,26,0,0,0,0,2424,0,95.77%,81,1.03%,1.06%,5.39,524.89
2021-04-05,2524,17,4,0.68%,0.17%,26,0,0,0,0,2424,4,96.04%,74,1.03%,1.06%,5.39,523.43
2021-04-04,2507,6,2,0.24%,0.08%,26,0,0,0,0,2420,12,96.53%,61,1.04%,1.06%,5.39,519.91
2021-04-03,2501,0,3,0,0.11%,26,0,0,0,0,2408,0,96.28%,67,1.04%,1.07%,5.39,518.66
2021-04-02,2501,0,3,0,0.11%,26,0,0,0,0,2408,0,96.28%,67,1.04%,1.07%,5.39,518.66
2021-04-01,2501,0,3,0,0.13%,26,0,0,0,0,2408,0,96.28%,67,1.04%,1.07%,5.39,518.66
2021-03-31,2501,4,4,0.16%,0.14%,26,0,0,0,0,2408,9,96.28%,67,1.04%,1.07%,5.39,518.66
2021-03-30,2497,2,4,0.08%,0.15%,26,0,0,0,0,2399,10,96.08%,72,1.04%,1.07%,5.39,517.83
2021-03-29,2495,2,5,0.08%,0.19%,26,0,0,0,0,2389,8,95.75%,80,1.04%,1.08%,5.39,517.42
2021-03-28,2493,11,4,0.44%,0.18%,26,0,0,0,0,2381,0,95.51%,86,1.04%,1.08%,5.39,517.01
2021-03-27,2482,1,4,0.04%,0.17%,26,0,0,0,0,2381,0,95.93%,75,1.05%,1.08%,5.39,514.72
2021-03-26,2481,2,5,0.08%,0.21%,26,0,0,0,0,2381,2,95.97%,74,1.05%,1.08%,5.39,514.52
2021-03-25,2479,3,5,0.12%,0.2%,26,0,0,0,0,2379,0,95.97%,74,1.05%,1.08%,5.39,514.1
2021-03-24,2476,6,6,0.24%,0.24%,26,0,0,0,0,2379,2,96.08%,71,1.05%,1.08%,5.39,513.48
2021-03-23,2470,8,5,0.32%,0.21%,26,0,0,0,0,2377,4,96.23%,67,1.05%,1.08%,5.39,512.24
2021-03-22,2462,0,4,0,0.18%,26,0,0,0,0,2373,0,96.39%,63,1.06%,1.08%,5.39,510.58
2021-03-21,2462,9,5,0.37%,0.19%,26,0,0,0,0,2373,4,96.39%,63,1.06%,1.08%,5.39,510.58
2021-03-20,2453,9,4,0.37%,0.18%,26,0,0,0,0,2369,6,96.58%,58,1.06%,1.09%,5.39,508.71
2021-03-19,2444,0,3,0,0.13%,26,0,0,0,0,2363,0,96.69%,55,1.06%,1.09%,5.39,506.84
2021-03-18,2444,10,4,0.41%,0.16%,26,0,0,0,0,2363,52,96.69%,55,1.06%,1.09%,5.39,506.84
2021-03-17,2434,0,3,0,0.11%,26,0,0,0,0,2311,0,94.95%,97,1.07%,1.11%,5.39,504.77
2021-03-16,2434,2,3,0.08%,0.14%,26,0,0,0,0,2311,0,94.95%,97,1.07%,1.11%,5.39,504.77
2021-03-15,2432,2,3,0.08%,0.14%,26,0,0,0,0,2311,0,95.02%,95,1.07%,1.11%,5.39,504.36
2021-03-14,2430,7,4,0.29%,0.15%,26,0,0,0,0,2311,1,95.1%,93,1.07%,1.11%,5.39,503.94
2021-03-13,2423,1,3,0.04%,0.14%,26,0,0,0,0,2310,2,95.34%,87,1.07%,1.11%,5.39,502.49
2021-03-12,2422,5,3,0.21%,0.14%,26,0,0,0,0,2308,3,95.29%,88,1.07%,1.11%,5.39,502.28
2021-03-11,2417,1,4,0.04%,0.17%,26,0,0,0,0,2305,0,95.37%,86,1.08%,1.12%,5.39,501.24
2021-03-10,2416,6,4,0.25%,0.16%,26,0,0,0,0,2305,1,95.41%,85,1.08%,1.12%,5.39,501.04
2021-03-09,2410,1,4,0.04%,0.16%,26,0,0,0,0,2304,0,95.6%,80,1.08%,1.12%,5.39,499.79
2021-03-08,2409,4,4,0.17%,0.16%,26,0,0,0,0,2304,3,95.64%,79,1.08%,1.12%,5.39,499.59
2021-03-07,2405,6,4,0.25%,0.16%,26,0,0,0,0,2301,0,95.68%,78,1.08%,1.12%,5.39,498.76
2021-03-06,2399,1,3,0.04%,0.14%,26,0,0,0,0,2301,0,95.91%,72,1.08%,1.12%,5.39,497.51
2021-03-05,2398,9,4,0.38%,0.16%,26,0,0,0,0,2301,6,95.95%,71,1.08%,1.12%,5.39,497.3
2021-03-04,2389,0,3,0,0.11%,26,0,0,0,0,2295,0,96.07%,68,1.09%,1.12%,5.39,495.44
2021-03-03,2389,5,3,0.21%,0.13%,26,0,0,0,0,2295,-1,96.07%,68,1.09%,1.12%,5.39,495.44
2021-03-02,2384,2,3,0.08%,0.11%,26,0,0,0,0,2296,9,96.31%,62,1.09%,1.12%,5.39,494.4
2021-03-01,2382,4,3,0.17%,0.11%,26,0,0,0,0,2287,2,96.01%,69,1.09%,1.12%,5.39,493.99
2021-02-28,2378,2,3,0.08%,0.13%,26,0,0,0,0,2285,0,96.09%,67,1.09%,1.13%,5.39,493.16
2021-02-27,2376,4,4,0.17%,0.16%,26,0,0,0,0,2285,5,96.17%,65,1.09%,1.13%,5.39,492.74
2021-02-26,2372,1,3,0.04%,0.13%,26,0,0,0,0,2280,2,96.12%,66,1.1%,1.13%,5.39,491.91
2021-02-25,2371,3,3,0.13%,0.14%,26,0,0,0,0,2278,1,96.08%,67,1.1%,1.13%,5.39,491.7
2021-02-24,2368,3,3,0.13%,0.15%,26,0,0,0,0,2277,0,96.16%,65,1.1%,1.13%,5.39,491.08
2021-02-23,2365,2,4,0.08%,0.15%,26,0,0,0,0,2277,0,96.28%,62,1.1%,1.13%,5.39,490.46
2021-02-22,2363,6,4,0.25%,0.16%,26,0,0,0,0,2277,0,96.36%,60,1.1%,1.13%,5.39,490.05
2021-02-21,2357,7,3,0.3%,0.13%,26,0,0,0,0.57%,2277,4,96.61%,54,1.1%,1.13%,5.39,488.8
2021-02-20,2350,0,3,0,0.12%,26,0,0,0,0.57%,2273,0,96.72%,51,1.11%,1.13%,5.39,487.35
2021-02-19,2350,2,3,0.09%,0.14%,26,0,0,0,0.57%,2273,1,96.72%,51,1.11%,1.13%,5.39,487.35
2021-02-18,2348,4,3,0.17%,0.14%,26,0,0,0,0.57%,2272,0,96.76%,50,1.11%,1.13%,5.39,486.93
2021-02-17,2344,4,3,0.17%,0.12%,26,0,0,0,0.57%,2272,7,96.93%,46,1.11%,1.13%,5.39,486.11
2021-02-16,2340,3,2,0.13%,0.1%,26,0,0,0,0.57%,2265,0,96.79%,49,1.11%,1.13%,5.39,485.28
2021-02-15,2337,1,2,0.04%,0.09%,26,1,0,4%,0.57%,2265,1,96.92%,46,1.11%,1.13%,5.39,484.65
2021-02-14,2336,6,2,0.26%,0.1%,25,0,0,0,0,2264,6,96.92%,47,1.07%,1.09%,5.18,484.45
2021-02-13,2330,2,1,0.09%,0.06%,25,0,0,0,0,2258,0,96.91%,47,1.07%,1.1%,5.18,483.2
2021-02-12,2328,2,2,0.09%,0.08%,25,0,0,0,0,2258,1,96.99%,45,1.07%,1.1%,5.18,482.79
2021-02-11,2326,2,2,0.09%,0.07%,25,0,0,0,0,2257,12,97.03%,44,1.07%,1.1%,5.18,482.37
2021-02-10,2324,0,2,0,0.07%,25,0,0,0,0,2245,5,96.6%,54,1.08%,1.1%,5.18,481.96
2021-02-09,2324,2,2,0.09%,0.1%,25,0,0,0,0,2240,10,96.39%,59,1.08%,1.1%,5.18,481.96
2021-02-08,2322,2,2,0.09%,0.09%,25,0,0,0,0,2230,1,96.04%,67,1.08%,1.11%,5.18,481.54
2021-02-07,2320,0,2,0,0.1%,25,0,0,0,0,2229,0,96.08%,66,1.08%,1.11%,5.18,481.13
2021-02-06,2320,5,2,0.22%,0.1%,25,0,0,0,0,2229,1,96.08%,66,1.08%,1.11%,5.18,481.13
2021-02-05,2315,0,2,0,0.07%,25,0,0,0,0,2228,0,96.24%,62,1.08%,1.11%,5.18,480.09
2021-02-04,2315,2,1,0.09%,0.06%,25,0,0,0,0,2228,0,96.24%,62,1.08%,1.11%,5.18,480.09
2021-02-03,2313,5,2,0.22%,0.09%,25,0,0,0,0,2228,6,96.33%,60,1.08%,1.11%,5.18,479.68
2021-02-02,2308,1,2,0.04%,0.08%,25,0,0,0,0,2222,12,96.27%,61,1.08%,1.11%,5.18,478.64
2021-02-01,2307,3,2,0.13%,0.1%,25,0,0,0,0,2210,2,95.8%,72,1.08%,1.12%,5.18,478.43
2021-01-31,2304,0,2,0,0.1%,25,0,0,0,0,2208,0,95.83%,71,1.09%,1.12%,5.18,477.81
2021-01-30,2304,1,3,0.04%,0.13%,25,0,0,0,0,2208,1,95.83%,71,1.09%,1.12%,5.18,477.81
2021-01-29,2303,-2,4,-0.09%,0.17%,25,0,0,0,0,2207,-1,95.83%,71,1.09%,1.12%,5.18,477.6
2021-01-28,2305,6,4,0.26%,0.18%,25,0,0,0,0,2208,3,95.79%,72,1.08%,1.12%,5.18,478.02
2021-01-27,2299,4,5,0.17%,0.2%,25,0,0,0,0,2205,4,95.91%,69,1.09%,1.12%,5.18,476.77
2021-01-26,2295,5,4,0.22%,0.18%,25,0,0,0,0,2201,1,95.9%,69,1.09%,1.12%,5.18,475.94
2021-01-25,2290,2,4,0.09%,0.18%,25,0,0,0,0,2200,1,96.07%,65,1.09%,1.12%,5.18,474.91
2021-01-24,2288,5,4,0.22%,0.16%,25,0,0,0,0,2199,20,96.11%,64,1.09%,1.12%,5.18,474.49
2021-01-23,2283,7,4,0.31%,0.17%,25,0,0,0,0,2179,1,95.44%,79,1.1%,1.13%,5.18,473.45
2021-01-22,2276,0,4,0,0.19%,25,0,0,0,0,2178,0,95.69%,73,1.1%,1.13%,5.18,472
2021-01-21,2276,9,4,0.4%,0.19%,25,0,0,0,0,2178,12,95.69%,73,1.1%,1.13%,5.18,472
2021-01-20,2267,0,6,0,0.25%,25,0,0,0,0,2166,0,95.54%,76,1.1%,1.14%,5.18,470.14
2021-01-19,2267,5,6,0.22%,0.25%,25,0,0,0,0,2166,14,95.54%,76,1.1%,1.14%,5.18,470.14
2021-01-18,2262,0,6,0,0.26%,25,0,0,0,0,2152,0,95.14%,85,1.11%,1.15%,5.18,469.1
2021-01-17,2262,6,6,0.27%,0.26%,25,0,0,0,0,2152,3,95.14%,85,1.11%,1.15%,5.18,469.1
2021-01-16,2256,10,5,0.45%,0.24%,25,0,0,0,0,2149,4,95.26%,82,1.11%,1.15%,5.18,467.86
2021-01-15,2246,0,8,0,0.38%,25,0,0,0,0,2145,0,95.5%,76,1.11%,1.15%,5.18,465.78
2021-01-14,2246,18,8,0.81%,0.38%,25,0,0,0,0,2145,4,95.5%,76,1.11%,1.15%,5.18,465.78
2021-01-13,2228,0,6,0,0.26%,25,0,0,0,0,2141,0,96.1%,62,1.12%,1.15%,5.18,462.05
2021-01-12,2228,6,6,0.27%,0.27%,25,0,0,0,0,2141,21,96.1%,62,1.12%,1.15%,5.18,462.05
2021-01-11,2222,0,5,0,0.24%,25,0,0,0,0,2120,0,95.41%,77,1.13%,1.17%,5.18,460.8
2021-01-10,2222,3,6,0.14%,0.27%,25,0,0,0,0,2120,1,95.41%,77,1.13%,1.17%,5.18,460.8
2021-01-09,2219,31,5,1.42%,0.25%,25,0,0,0,0,2119,18,95.49%,75,1.13%,1.17%,5.18,460.18
2021-01-08,2188,0,4,0,0.17%,25,0,0,0,0,2101,0,96.02%,62,1.14%,1.18%,5.18,453.75
2021-01-07,2188,0,4,0,0.17%,25,0,0,0,0,2101,0,96.02%,62,1.14%,1.18%,5.18,453.75
2021-01-06,2188,2,4,0.09%,0.17%,25,0,0,0,0,2101,1,96.02%,62,1.14%,1.18%,5.18,453.75
2021-01-05,2186,0,5,0,0.23%,25,0,0,0,0,2100,0,96.07%,61,1.14%,1.18%,5.18,453.34
2021-01-04,2186,5,5,0.23%,0.23%,25,0,0,0,0,2100,16,96.07%,61,1.14%,1.18%,5.18,453.34
2021-01-03,2181,0,5,0,0.25%,25,0,0,0,0,2084,0,95.55%,72,1.15%,1.19%,5.18,452.3
2021-01-02,2181,19,5,0.88%,0.25%,25,0,0,0,0,2084,2,95.55%,72,1.15%,1.19%,5.18,452.3
2021-01-01,2162,0,5,0,0.23%,25,0,0,0,0,2082,0,96.3%,55,1.16%,1.19%,5.18,448.36
2020-12-31,2162,0,5,0,0.23%,25,0,0,0,0,2082,0,96.3%,55,1.16%,1.19%,5.18,448.36
2020-12-30,2162,11,5,0.51%,0.23%,25,0,0,0,0,2082,5,96.3%,55,1.16%,1.19%,5.18,448.36
2020-12-29,2151,0,3,0,0.15%,25,0,0,0,0,2077,0,96.56%,49,1.16%,1.19%,5.18,446.08
2020-12-28,2151,7,4,0.33%,0.2%,25,0,0,0,0,2077,8,96.56%,49,1.16%,1.19%,5.18,446.08
2020-12-27,2144,0,3,0,0.15%,25,0,0,0,0,2069,0,96.5%,50,1.17%,1.19%,5.18,444.63
2020-12-26,2144,16,4,0.75%,0.19%,25,0,0,0,0,2069,15,96.5%,50,1.17%,1.19%,5.18,444.63
2020-12-25,2128,0,3,0,0.12%,25,0,0,0,0,2054,0,96.52%,49,1.17%,1.2%,5.18,441.31
2020-12-24,2128,0,3,0,0.12%,25,0,0,0,0,2054,0,96.52%,49,1.17%,1.2%,5.18,441.31
2020-12-23,2128,0,4,0,0.19%,25,0,0,0,0,2054,0,96.52%,49,1.17%,1.2%,5.18,441.31
2020-12-22,2128,7,4,0.33%,0.19%,25,0,0,0,0,2054,17,96.52%,49,1.17%,1.2%,5.18,441.31
2020-12-21,2121,0,4,0,0.17%,25,0,0,0,0,2037,0,96.04%,59,1.18%,1.21%,5.18,439.86
2020-12-20,2121,5,4,0.24%,0.17%,25,0,0,0,0,2037,1,96.04%,59,1.18%,1.21%,5.18,439.86
2020-12-19,2116,6,3,0.28%,0.14%,25,0,0,0,0,2036,2,96.22%,55,1.18%,1.21%,5.18,438.82
2020-12-18,2110,0,3,0,0.12%,25,0,0,0,0,2034,0,96.4%,51,1.18%,1.21%,5.18,437.58
2020-12-17,2110,10,3,0.48%,0.12%,25,0,0,0,0,2034,2,96.4%,51,1.18%,1.21%,5.18,437.58
2020-12-16,2100,0,2,0,0.08%,25,0,0,0,0,2032,0,96.76%,43,1.19%,1.22%,5.18,435.5
2020-12-15,2100,4,2,0.19%,0.08%,25,0,0,0,0,2032,17,96.76%,43,1.19%,1.22%,5.18,435.5
2020-12-14,2096,0,2,0,0.07%,25,0,0,0,0,2015,0,96.14%,56,1.19%,1.23%,5.18,434.67
2020-12-13,2096,0,2,0,0.12%,25,0,0,0,0,2015,0,96.14%,56,1.19%,1.23%,5.18,434.67
2020-12-12,2096,4,3,0.19%,0.12%,25,0,0,0,0,2015,5,96.14%,56,1.19%,1.23%,5.18,434.67
2020-12-11,2092,0,2,0,0.1%,25,0,0,0,0,2010,0,96.08%,57,1.2%,1.23%,5.18,433.84
2020-12-10,2092,4,3,0.19%,0.16%,25,0,0,0,0,2010,2,96.08%,57,1.2%,1.23%,5.18,433.84
2020-12-09,2088,0,3,0,0.13%,25,0,0,0,0,2008,0,96.17%,55,1.2%,1.23%,5.18,433.02
2020-12-08,2088,3,4,0.14%,0.19%,25,0,0,0,0,2008,2,96.17%,55,1.2%,1.23%,5.18,433.02
2020-12-07,2085,6,4,0.29%,0.18%,25,0,0,0,0,2006,8,96.21%,54,1.2%,1.23%,5.18,432.39
2020-12-06,2079,1,3,0.05%,0.16%,25,0,0,0,0,1998,1,96.1%,56,1.2%,1.24%,5.18,431.15
2020-12-05,2078,0,4,0,0.19%,25,0,0,0,0,1997,3,96.1%,56,1.2%,1.24%,5.18,430.94
2020-12-04,2078,9,4,0.43%,0.19%,25,0,0,0,0,1994,11,95.96%,59,1.2%,1.24%,5.18,430.94
2020-12-03,2069,0,3,0,0.15%,25,0,0,0,0,1983,9,95.84%,61,1.21%,1.25%,5.18,429.08
2020-12-02,2069,9,4,0.44%,0.2%,25,0,0,0,0,1974,11,95.41%,70,1.21%,1.25%,5.18,429.08
2020-12-01,2060,1,3,0.05%,0.15%,25,0,0,0,0,1963,1,95.29%,72,1.21%,1.26%,5.18,427.21
2020-11-30,2059,3,4,0.15%,0.2%,25,0,0,0,0,1962,3,95.29%,72,1.21%,1.26%,5.18,427
2020-11-29,2056,6,4,0.29%,0.18%,25,0,0,0,0,1959,3,95.28%,72,1.22%,1.26%,5.18,426.38
2020-11-28,2050,0,3,0,0.15%,25,0,0,0,0,1956,0,95.41%,69,1.22%,1.26%,5.18,425.13
2020-11-27,2050,3,4,0.15%,0.22%,25,0,0,0,0,1956,0,95.41%,69,1.22%,1.26%,5.18,425.13
2020-11-26,2047,7,5,0.34%,0.24%,25,0,0,0,0,1956,1,95.55%,66,1.22%,1.26%,5.18,424.51
2020-11-25,2040,1,4,0.05%,0.21%,25,0,0,0,0,1955,0,95.83%,60,1.23%,1.26%,5.18,423.06
2020-11-24,2039,8,4,0.39%,0.22%,25,0,0,0,0,1955,2,95.88%,59,1.23%,1.26%,5.18,422.85
2020-11-23,2031,1,4,0.05%,0.19%,25,0,0,0,0,1953,0,96.16%,53,1.23%,1.26%,5.18,421.19
2020-11-22,2030,2,4,0.1%,0.21%,25,0,0,0,0,1953,0,96.21%,52,1.23%,1.26%,5.18,420.99
2020-11-21,2028,9,4,0.45%,0.19%,25,0,0,0,0,1953,1,96.3%,50,1.23%,1.26%,5.18,420.57
2020-11-20,2019,6,3,0.3%,0.15%,25,0,0,0,0,1952,4,96.68%,42,1.24%,1.26%,5.18,418.71
2020-11-19,2013,3,3,0.15%,0.13%,25,0,0,0,0,1948,0,96.77%,40,1.24%,1.27%,5.18,417.46
2020-11-18,2010,2,3,0.1%,0.14%,25,0,0,0,0,1948,29,96.92%,37,1.24%,1.27%,5.18,416.84
2020-11-17,2008,3,3,0.15%,0.14%,25,0,0,0,0,1919,0,95.57%,64,1.25%,1.29%,5.18,416.42
2020-11-16,2005,4,3,0.2%,0.13%,25,0,0,0,0,1919,1,95.71%,61,1.25%,1.29%,5.18,415.8
2020-11-15,2001,0,2,0,0.11%,25,0,0,0,0,1918,0,95.85%,58,1.25%,1.29%,5.18,414.97
2020-11-14,2001,3,3,0.15%,0.14%,25,0,0,0,0,1918,0,95.85%,58,1.25%,1.29%,5.18,414.97
2020-11-13,1998,3,3,0.15%,0.16%,25,0,0,0,0,1918,1,96%,55,1.25%,1.29%,5.18,414.35
2020-11-12,1995,4,3,0.2%,0.15%,25,0,0,0,0,1917,4,96.09%,53,1.25%,1.29%,5.18,413.73
2020-11-11,1991,3,3,0.15%,0.13%,25,0,0,0,0,1913,2,96.08%,53,1.26%,1.29%,5.18,412.9
2020-11-10,1988,1,2,0.05%,0.12%,25,0,0,0,0,1911,1,96.13%,52,1.26%,1.29%,5.18,412.28
2020-11-09,1987,1,3,0.05%,0.14%,25,0,0,0,0,1910,0,96.12%,52,1.26%,1.29%,5.18,412.07
2020-11-08,1986,4,3,0.2%,0.16%,25,0,0,0,0,1910,1,96.17%,51,1.26%,1.29%,5.18,411.86
2020-11-07,1982,6,3,0.3%,0.16%,25,0,0,0,0,1909,1,96.32%,48,1.26%,1.29%,5.18,411.03
2020-11-06,1976,2,3,0.1%,0.14%,25,0,0,0,0,1908,3,96.56%,43,1.27%,1.29%,5.18,409.79
2020-11-05,1974,1,3,0.05%,0.17%,25,0,0,0,0,1905,24,96.5%,44,1.27%,1.3%,5.18,409.37
2020-11-04,1973,2,3,0.1%,0.17%,25,0,0,0,0,1881,8,95.34%,67,1.27%,1.31%,5.18,409.17
2020-11-03,1971,3,4,0.15%,0.2%,25,0,0,0,0,1873,5,95.03%,73,1.27%,1.32%,5.18,408.75
2020-11-02,1968,5,4,0.25%,0.2%,25,0,0,0,0,1868,11,94.92%,75,1.27%,1.32%,5.18,408.13
2020-11-01,1963,4,3,0.2%,0.17%,25,0,0,0,0,1857,0,94.6%,81,1.27%,1.33%,5.18,407.09
2020-10-31,1959,2,3,0.1%,0.18%,25,0,0,0,0,1857,0,94.79%,77,1.28%,1.33%,5.18,406.26
2020-10-30,1957,7,3,0.36%,0.17%,25,0,0,0,0,1857,0,94.89%,75,1.28%,1.33%,5.18,405.85
2020-10-29,1950,1,4,0.05%,0.2%,25,0,0,0,0,1857,3,95.23%,68,1.28%,1.33%,5.18,404.4
2020-10-28,1949,6,5,0.31%,0.26%,25,0,0,0,0,1854,2,95.13%,70,1.28%,1.33%,5.18,404.19
2020-10-27,1943,2,4,0.1%,0.23%,25,0,0,0,0,1852,4,95.32%,66,1.29%,1.33%,5.18,402.94
2020-10-26,1941,1,8,0.05%,0.4%,25,0,0,0,0,1848,7,95.21%,68,1.29%,1.33%,5.18,402.53
2020-10-25,1940,5,8,0.26%,0.4%,25,0,0,0,0,1841,1,94.9%,74,1.29%,1.34%,5.18,402.32
2020-10-24,1935,1,7,0.05%,0.37%,25,0,0,0,0,1840,5,95.09%,70,1.29%,1.34%,5.18,401.29
2020-10-23,1934,11,7,0.57%,0.38%,25,0,0,0,0,1835,3,94.88%,74,1.29%,1.34%,5.18,401.08
2020-10-22,1923,9,6,0.47%,0.32%,25,0,0,0,0,1832,1,95.27%,66,1.3%,1.35%,5.18,398.8
2020-10-21,1914,2,5,0.1%,0.29%,25,0,0,0,0,1831,0,95.66%,58,1.31%,1.35%,5.18,396.93
2020-10-20,1912,25,5,1.32%,0.29%,25,0,0,0,0,1831,2,95.76%,56,1.31%,1.35%,5.18,396.52
2020-10-19,1887,1,2,0.05%,0.11%,25,0,0,0,0,1829,5,96.93%,33,1.32%,1.35%,5.18,391.33
2020-10-18,1886,0,2,0,0.11%,25,0,0,0,0,1824,5,96.71%,37,1.33%,1.35%,5.18,391.12
2020-10-17,1886,3,2,0.16%,0.11%,25,0,0,0,0,1819,1,96.45%,42,1.33%,1.36%,5.18,391.12
2020-10-16,1883,3,2,0.16%,0.1%,25,0,0,0,0,1818,9,96.55%,40,1.33%,1.36%,5.18,390.5
2020-10-15,1880,4,2,0.21%,0.11%,25,0,0,0,0,1809,0,96.22%,46,1.33%,1.36%,5.18,389.88
2020-10-14,1876,2,2,0.11%,0.09%,25,0,0,0,0,1809,0,96.43%,42,1.33%,1.36%,5.18,389.05
2020-10-13,1874,2,2,0.11%,0.1%,25,0,0,0,0,1809,1,96.53%,40,1.33%,1.36%,5.18,388.64
2020-10-12,1872,1,2,0.05%,0.11%,25,0,0,0,0,1808,7,96.58%,39,1.34%,1.36%,5.18,388.22
2020-10-11,1871,0,2,0,0.12%,25,0,0,0,0,1801,0,96.26%,45,1.34%,1.37%,5.18,388.01
2020-10-10,1871,1,2,0.05%,0.13%,25,0,0,0,0,1801,0,96.26%,45,1.34%,1.37%,5.18,388.01
2020-10-09,1870,4,3,0.21%,0.16%,25,0,0,0,0,1801,1,96.31%,44,1.34%,1.37%,5.18,387.81
2020-10-08,1866,2,3,0.11%,0.14%,25,0,0,0,0,1800,0,96.46%,41,1.34%,1.37%,5.18,386.98
2020-10-07,1864,3,2,0.16%,0.12%,25,0,0,0,0,1800,1,96.57%,39,1.34%,1.37%,5.18,386.56
2020-10-06,1861,3,4,0.16%,0.19%,25,0,0,0,0,1799,9,96.67%,37,1.34%,1.37%,5.18,385.94
2020-10-05,1858,3,3,0.16%,0.18%,25,0,0,0,0,1790,0,96.34%,43,1.35%,1.38%,5.18,385.32
2020-10-04,1855,1,3,0.05%,0.17%,25,0,0,0,0,1790,2,96.5%,40,1.35%,1.38%,5.18,384.7
2020-10-03,1854,5,3,0.27%,0.16%,25,0,0,0,0,1788,5,96.44%,41,1.35%,1.38%,5.18,384.49
2020-10-02,1849,1,3,0.05%,0.14%,25,0,0,0,0,1783,3,96.43%,41,1.35%,1.38%,5.18,383.45
2020-10-01,1848,0,3,0,0.15%,25,0,0,0,0,1780,10,96.32%,43,1.35%,1.39%,5.18,383.24
2020-09-30,1848,12,3,0.65%,0.16%,25,0,0,0,0,1770,3,95.78%,53,1.35%,1.39%,5.18,383.24
2020-09-29,1836,1,2,0.05%,0.09%,25,0,0,0,0,1767,12,96.24%,44,1.36%,1.4%,5.18,380.75
2020-09-28,1835,2,3,0.11%,0.16%,25,0,0,0,0,1755,2,95.64%,55,1.36%,1.4%,5.18,380.55
2020-09-27,1833,0,3,0,0.14%,25,0,0,0,0,1753,4,95.64%,55,1.36%,1.41%,5.18,380.13
2020-09-26,1833,2,3,0.11%,0.14%,25,0,0,0,0,1749,4,95.42%,59,1.36%,1.41%,5.18,380.13
2020-09-25,1831,2,3,0.11%,0.16%,25,0,0,0,0,1745,1,95.3%,61,1.37%,1.41%,5.18,379.72
2020-09-24,1829,2,3,0.11%,0.16%,25,0,0,0,0,1744,7,95.35%,60,1.37%,1.41%,5.18,379.3
2020-09-23,1827,3,3,0.16%,0.14%,25,0,0,0,0,1737,0,95.07%,65,1.37%,1.42%,5.18,378.89
2020-09-22,1824,9,3,0.5%,0.17%,25,0,0,0,0,1737,8,95.23%,62,1.37%,1.42%,5.18,378.27
2020-09-21,1815,0,2,0,0.11%,25,0,0,0,0.6%,1729,1,95.26%,61,1.38%,1.43%,5.18,376.4
2020-09-20,1815,0,2,0,0.14%,25,0,0,0,0.6%,1728,9,95.21%,62,1.38%,1.43%,5.18,376.4
2020-09-19,1815,4,3,0.22%,0.14%,25,0,0,0,0.6%,1719,0,94.71%,71,1.38%,1.43%,5.18,376.4
2020-09-18,1811,2,2,0.11%,0.13%,25,0,0,0,0.6%,1719,5,94.92%,67,1.38%,1.43%,5.18,375.57
2020-09-17,1809,0,2,0,0.13%,25,0,0,0,0.6%,1714,7,94.75%,70,1.38%,1.44%,5.18,375.16
2020-09-16,1809,7,2,0.39%,0.14%,25,0,0,0,0.6%,1707,9,94.36%,77,1.38%,1.44%,5.18,375.16
2020-09-15,1802,1,2,0.06%,0.11%,25,1,0,4.17%,0.6%,1698,4,94.23%,79,1.39%,1.45%,5.18,373.7
2020-09-14,1801,3,3,0.17%,0.15%,24,0,0,0,0,1694,16,94.06%,83,1.33%,1.4%,4.98,373.5
2020-09-13,1798,1,3,0.06%,0.18%,24,0,0,0,0,1678,2,93.33%,96,1.33%,1.41%,4.98,372.87
2020-09-12,1797,2,4,0.11%,0.2%,24,0,0,0,0,1676,13,93.27%,97,1.34%,1.41%,4.98,372.67
2020-09-11,1795,2,4,0.11%,0.23%,24,0,0,0,0,1663,8,92.65%,108,1.34%,1.42%,4.98,372.25
2020-09-10,1793,1,4,0.06%,0.23%,24,0,0,0,1.3%,1655,7,92.3%,114,1.34%,1.43%,4.98,371.84
2020-09-09,1792,4,5,0.22%,0.27%,24,0,0,0,1.3%,1648,9,91.96%,120,1.34%,1.44%,4.98,371.63
2020-09-08,1788,6,4,0.34%,0.25%,24,0,0,0,1.3%,1639,4,91.67%,125,1.34%,1.44%,4.98,370.8
2020-09-07,1782,6,4,0.34%,0.24%,24,0,0,0,1.3%,1635,1,91.75%,123,1.35%,1.45%,4.98,369.56
2020-09-06,1776,4,5,0.23%,0.31%,24,0,0,0,1.3%,1634,2,92%,118,1.35%,1.45%,4.98,368.31
2020-09-05,1772,5,6,0.28%,0.35%,24,0,0,0,1.3%,1632,1,92.1%,116,1.35%,1.45%,4.98,367.48
2020-09-04,1767,3,6,0.17%,0.33%,24,2,0,9.09%,1.3%,1631,1,92.3%,112,1.36%,1.45%,4.98,366.45
2020-09-03,1764,5,7,0.28%,0.41%,22,0,0,0,0,1630,8,92.4%,112,1.25%,1.33%,4.56,365.82
2020-09-02,1759,2,8,0.11%,0.47%,22,0,0,0,0,1622,16,92.21%,115,1.25%,1.34%,4.56,364.79
2020-09-01,1757,5,9,0.29%,0.52%,22,0,0,0,0,1606,8,91.41%,129,1.25%,1.35%,4.56,364.37
2020-08-31,1752,14,9,0.81%,0.52%,22,0,0,0,0,1598,13,91.21%,132,1.26%,1.36%,4.56,363.33
2020-08-30,1738,9,8,0.52%,0.46%,22,0,0,0,0,1585,15,91.2%,131,1.27%,1.37%,4.56,360.43
2020-08-29,1729,2,8,0.12%,0.47%,22,0,0,0,0,1570,2,90.8%,137,1.27%,1.38%,4.56,358.56
2020-08-28,1727,13,8,0.76%,0.47%,22,0,0,0,0,1568,7,90.79%,137,1.27%,1.38%,4.56,358.15
2020-08-27,1714,12,7,0.71%,0.42%,22,0,0,0,0,1561,7,91.07%,131,1.28%,1.39%,4.56,355.45
2020-08-26,1702,7,7,0.41%,0.41%,22,0,0,0,0,1554,15,91.3%,126,1.29%,1.4%,4.56,352.97
2020-08-25,1695,5,7,0.3%,0.4%,22,0,0,0,0,1539,0,90.8%,134,1.3%,1.41%,4.56,351.51
2020-08-24,1690,7,7,0.42%,0.41%,22,0,0,0,0,1539,1,91.07%,129,1.3%,1.41%,4.56,350.48
2020-08-23,1683,9,7,0.54%,0.45%,22,0,0,0,0,1538,0,91.38%,123,1.31%,1.41%,4.56,349.03
2020-08-22,1674,3,7,0.18%,0.45%,22,0,0,0,0,1538,0,91.88%,114,1.31%,1.41%,4.56,347.16
2020-08-21,1671,6,9,0.36%,0.54%,22,0,0,0,0,1538,0,92.04%,111,1.32%,1.41%,4.56,346.54
2020-08-20,1665,11,9,0.67%,0.55%,22,0,0,0,0,1538,7,92.37%,105,1.32%,1.41%,4.56,345.29
2020-08-19,1654,5,9,0.3%,0.58%,22,0,0,0,0,1531,0,92.56%,101,1.33%,1.42%,4.56,343.01
2020-08-18,1649,6,11,0.37%,0.71%,22,0,0,0,0,1531,0,92.84%,96,1.33%,1.42%,4.56,341.97
2020-08-17,1643,12,10,0.74%,0.65%,22,0,0,0,0,1531,0,93.18%,90,1.34%,1.42%,4.56,340.73
2020-08-16,1631,9,9,0.55%,0.56%,22,0,0,0,0,1531,0,93.87%,78,1.35%,1.42%,4.56,338.24
2020-08-15,1622,13,8,0.81%,0.48%,22,0,0,0,0,1531,0,94.39%,69,1.36%,1.42%,4.56,336.37
2020-08-14,1609,7,6,0.44%,0.36%,22,0,0,0,0,1531,0,95.15%,56,1.37%,1.42%,4.56,333.68
2020-08-13,1602,13,5,0.82%,0.3%,22,0,0,0,0,1531,0,95.57%,49,1.37%,1.42%,4.56,332.23
2020-08-12,1589,19,3,1.21%,0.18%,22,0,0,0,0,1531,5,96.35%,36,1.38%,1.42%,4.56,329.53
2020-08-11,1570,0,0,0,0.01%,22,0,0,0,0,1526,0,97.2%,22,1.4%,1.42%,4.56,325.59
2020-08-10,1570,1,0,0.06%,0.03%,22,0,0,0,0,1526,0,97.2%,22,1.4%,1.42%,4.56,325.59
2020-08-09,1569,0,0,0,0.02%,22,0,0,0,0,1526,2,97.26%,21,1.4%,1.42%,4.56,325.38
2020-08-08,1569,0,1,0,0.04%,22,0,0,0,0,1524,0,97.13%,23,1.4%,1.42%,4.56,325.38
2020-08-07,1569,0,1,0,0.06%,22,0,0,0,0,1524,0,97.13%,23,1.4%,1.42%,4.56,325.38
2020-08-06,1569,0,1,0,0.08%,22,0,0,0,0,1524,0,97.13%,23,1.4%,1.42%,4.56,325.38
2020-08-05,1569,0,1,0,0.08%,22,0,0,0,0,1524,1,97.13%,23,1.4%,1.42%,4.56,325.38
2020-08-04,1569,2,1,0.13%,0.09%,22,0,0,0,0,1523,0,97.07%,24,1.4%,1.42%,4.56,325.38
2020-08-03,1567,0,1,0,0.09%,22,0,0,0,0,1523,5,97.19%,22,1.4%,1.42%,4.56,324.97
2020-08-02,1567,2,2,0.13%,0.1%,22,0,0,0,0,1518,0,96.87%,27,1.4%,1.43%,4.56,324.97
2020-08-01,1565,3,1,0.19%,0.08%,22,0,0,0,0,1518,0,97%,25,1.41%,1.43%,4.56,324.55
2020-07-31,1562,2,1,0.13%,0.05%,22,0,0,0,0,1518,0,97.18%,22,1.41%,1.43%,4.56,323.93
2020-07-30,1560,0,1,0,0.04%,22,0,0,0,0,1518,4,97.31%,20,1.41%,1.43%,4.56,323.52
2020-07-29,1560,1,1,0.06%,0.04%,22,0,0,0,0,1514,0,97.05%,24,1.41%,1.43%,4.56,323.52
2020-07-28,1559,2,1,0.13%,0.04%,22,0,0,0,0,1514,0,97.11%,23,1.41%,1.43%,4.56,323.31
2020-07-27,1557,1,0,0.06%,0.02%,22,0,0,0,0,1514,1,97.24%,21,1.41%,1.43%,4.56,322.9
2020-07-26,1556,0,0,0,0.02%,22,0,0,0,0,1513,0,97.24%,21,1.41%,1.43%,4.56,322.69
2020-07-25,1556,0,0,0,0.03%,22,0,0,0,0,1513,0,97.24%,21,1.41%,1.43%,4.56,322.69
2020-07-24,1556,0,1,0,0.05%,22,0,0,0,0,1513,0,97.24%,21,1.41%,1.43%,4.56,322.69
2020-07-23,1556,1,1,0.06%,0.06%,22,0,0,0,0,1513,2,97.24%,21,1.41%,1.43%,4.56,322.69
2020-07-22,1555,0,1,0,0.06%,22,0,0,0,0,1511,5,97.17%,22,1.41%,1.44%,4.56,322.48
2020-07-21,1555,0,1,0,0.07%,22,0,0,0,0,1506,0,96.85%,27,1.41%,1.44%,4.56,322.48
2020-07-20,1555,1,1,0.06%,0.09%,22,0,0,0,0,1506,0,96.85%,27,1.41%,1.44%,4.56,322.48
2020-07-19,1554,1,1,0.06%,0.09%,22,0,0,0,0,1506,0,96.91%,26,1.42%,1.44%,4.56,322.27
2020-07-18,1553,3,1,0.19%,0.08%,22,0,0,0,0,1506,0,96.97%,25,1.42%,1.44%,4.56,322.07
2020-07-17,1550,1,1,0.06%,0.06%,22,0,0,0,0,1506,0,97.16%,22,1.42%,1.44%,4.56,321.44
2020-07-16,1549,1,1,0.06%,0.06%,22,0,0,0,0,1506,7,97.22%,21,1.42%,1.44%,4.56,321.24
2020-07-15,1548,1,1,0.06%,0.07%,22,0,0,0,0,1499,1,96.83%,27,1.42%,1.45%,4.56,321.03
2020-07-14,1547,2,1,0.13%,0.09%,22,0,0,0,0,1498,0,96.83%,27,1.42%,1.45%,4.56,320.82
2020-07-13,1545,1,1,0.06%,0.08%,22,0,0,0,0,1498,1,96.96%,25,1.42%,1.45%,4.56,320.41
2020-07-12,1544,0,1,0,0.09%,22,0,0,0,0,1497,0,96.96%,25,1.42%,1.45%,4.56,320.2
2020-07-11,1544,1,2,0.06%,0.1%,22,0,0,0,0,1497,0,96.96%,25,1.42%,1.45%,4.56,320.2
2020-07-10,1543,1,2,0.06%,0.12%,22,0,0,0,0,1497,0,97.02%,24,1.43%,1.45%,4.56,319.99
2020-07-09,1542,2,2,0.13%,0.11%,22,0,0,0,0,1497,3,97.08%,23,1.43%,1.45%,4.56,319.78
2020-07-08,1540,3,1,0.2%,0.1%,22,0,0,0,0,1494,2,97.01%,24,1.43%,1.45%,4.56,319.37
2020-07-07,1537,1,1,0.07%,0.09%,22,0,0,0,0,1492,0,97.07%,23,1.43%,1.45%,4.56,318.75
2020-07-06,1536,2,1,0.13%,0.08%,22,0,0,0,0,1492,2,97.14%,22,1.43%,1.45%,4.56,318.54
2020-07-05,1534,1,1,0.07%,0.06%,22,0,0,0,0,1490,0,97.13%,22,1.43%,1.46%,4.56,318.13
2020-07-04,1533,3,1,0.2%,0.07%,22,0,0,0,0,1490,0,97.2%,21,1.44%,1.46%,4.56,317.92
2020-07-03,1530,0,1,0,0.07%,22,0,0,0,0,1490,0,97.39%,18,1.44%,1.46%,4.56,317.3
2020-07-02,1530,0,1,0,0.09%,22,0,0,0,0,1490,0,97.39%,18,1.44%,1.46%,4.56,317.3
2020-07-01,1530,2,2,0.13%,0.1%,22,0,0,0,0,1490,6,97.39%,18,1.44%,1.46%,4.56,317.3
2020-06-30,1528,0,2,0,0.11%,22,0,0,0,0,1484,0,97.12%,22,1.44%,1.46%,4.56,316.88
2020-06-29,1528,0,2,0,0.12%,22,0,0,0,0,1484,0,97.12%,22,1.44%,1.46%,4.56,316.88
2020-06-28,1528,2,2,0.13%,0.14%,22,0,0,0,0,1484,0,97.12%,22,1.44%,1.46%,4.56,316.88
2020-06-27,1526,4,2,0.26%,0.14%,22,0,0,0,0,1484,0,97.25%,20,1.44%,1.46%,4.56,316.47
2020-06-26,1522,2,2,0.13%,0.12%,22,0,0,0,0,1484,0,97.5%,16,1.45%,1.46%,4.56,315.64
2020-06-25,1520,1,2,0.07%,0.12%,22,0,0,0,0,1484,0,97.63%,14,1.45%,1.46%,4.56,315.22
2020-06-24,1519,3,2,0.2%,0.11%,22,0,0,0,0,1484,1,97.7%,13,1.45%,1.46%,4.56,315.01
2020-06-23,1516,1,1,0.07%,0.09%,22,0,0,0,0,1483,0,97.82%,11,1.45%,1.46%,4.56,314.39
2020-06-22,1515,2,1,0.13%,0.08%,22,0,0,0,0,1483,1,97.89%,10,1.45%,1.46%,4.56,314.18
2020-06-21,1513,2,1,0.13%,0.08%,22,0,0,0,0,1482,0,97.95%,9,1.45%,1.46%,4.56,313.77
2020-06-20,1511,2,1,0.13%,0.07%,22,0,0,0,0,1482,0,98.08%,7,1.46%,1.46%,4.56,313.36
2020-06-19,1509,2,1,0.13%,0.05%,22,0,0,0,0,1482,0,98.21%,5,1.46%,1.46%,4.56,312.94
2020-06-18,1507,0,0,0,0.03%,22,0,0,0,0,1482,0,98.34%,3,1.46%,1.46%,4.56,312.53
2020-06-17,1507,1,0,0.07%,0.03%,22,0,0,0,0,1482,0,98.34%,3,1.46%,1.46%,4.56,312.53
2020-06-16,1506,0,0,0,0.02%,22,0,0,0,0,1482,0,98.41%,2,1.46%,1.46%,4.56,312.32
2020-06-15,1506,2,0,0.13%,0.02%,22,0,0,0,0,1482,0,98.41%,2,1.46%,1.46%,4.56,312.32
2020-06-14,1504,0,0,0,0,22,0,0,0,0,1482,0,98.54%,0,1.46%,1.46%,4.56,311.9
2020-06-13,1504,0,0,0,0,22,0,0,0,0,1482,0,98.54%,0,1.46%,1.46%,4.56,311.9
2020-06-12,1504,0,0,0,0,22,0,0,0,0,1482,0,98.54%,0,1.46%,1.46%,4.56,311.9
2020-06-11,1504,0,0,0,0,22,0,0,0,0,1482,0,98.54%,0,1.46%,1.46%,4.56,311.9
2020-06-10,1504,0,0,0,0,22,0,0,0,0,1482,0,98.54%,0,1.46%,1.46%,4.56,311.9
2020-06-09,1504,0,0,0,0,22,0,0,0,0,1482,0,98.54%,0,1.46%,1.46%,4.56,311.9
2020-06-08,1504,0,0,0,0,22,0,0,0,0,1482,0,98.54%,0,1.46%,1.46%,4.56,311.9
2020-06-07,1504,0,0,0,0,22,0,0,0,0,1482,1,98.54%,0,1.46%,1.46%,4.56,311.9
2020-06-06,1504,0,0,0,0,22,0,0,0,0,1481,0,98.47%,1,1.46%,1.46%,4.56,311.9
2020-06-05,1504,0,0,0,0,22,0,0,0,0,1481,0,98.47%,1,1.46%,1.46%,4.56,311.9
2020-06-04,1504,0,0,0,0,22,0,0,0,0,1481,0,98.47%,1,1.46%,1.46%,4.56,311.9
2020-06-03,1504,0,0,0,0,22,0,0,0,0,1481,0,98.47%,1,1.46%,1.46%,4.56,311.9
2020-06-02,1504,0,0,0,0,22,0,0,0,0.68%,1481,0,98.47%,1,1.46%,1.46%,4.56,311.9
2020-06-01,1504,0,0,0,0,22,0,0,0,0.68%,1481,0,98.47%,1,1.46%,1.46%,4.56,311.9
2020-05-31,1504,0,0,0,0,22,0,0,0,0.68%,1481,0,98.47%,1,1.46%,1.46%,4.56,311.9
2020-05-30,1504,0,0,0,0,22,0,0,0,0.68%,1481,0,98.47%,1,1.46%,1.46%,4.56,311.9
2020-05-29,1504,0,0,0,0,22,0,0,0,0.68%,1481,0,98.47%,1,1.46%,1.46%,4.56,311.9
2020-05-28,1504,0,0,0,0,22,0,0,0,0.68%,1481,7,98.47%,1,1.46%,1.46%,4.56,311.9
2020-05-27,1504,0,0,0,0.01%,22,1,0,4.76%,0.68%,1474,12,98.01%,8,1.46%,1.47%,4.56,311.9
2020-05-26,1504,0,0,0,0.01%,21,0,0,0,0,1462,1,97.21%,21,1.4%,1.42%,4.36,311.9
2020-05-25,1504,0,1,0,0.05%,21,0,0,0,0,1461,5,97.14%,22,1.4%,1.42%,4.36,311.9
2020-05-24,1504,0,1,0,0.05%,21,0,0,0,0,1456,0,96.81%,27,1.4%,1.42%,4.36,311.9
2020-05-23,1504,0,1,0,0.05%,21,0,0,0,0,1456,1,96.81%,27,1.4%,1.42%,4.36,311.9
2020-05-22,1504,0,1,0,0.06%,21,0,0,0,0,1455,0,96.74%,28,1.4%,1.42%,4.36,311.9
2020-05-21,1504,1,1,0.07%,0.06%,21,0,0,0,0,1455,3,96.74%,28,1.4%,1.42%,4.36,311.9
2020-05-20,1503,0,1,0,0.06%,21,0,0,0,0,1452,5,96.61%,30,1.4%,1.43%,4.36,311.7
2020-05-19,1503,4,1,0.27%,0.06%,21,0,0,0,0,1447,14,96.27%,35,1.4%,1.43%,4.36,311.7
2020-05-18,1499,0,0,0,0.02%,21,0,0,0,0,1433,0,95.6%,45,1.4%,1.44%,4.36,310.87
2020-05-17,1499,0,0,0,0.02%,21,0,0,0,0,1433,0,95.6%,45,1.4%,1.44%,4.36,310.87
2020-05-16,1499,1,1,0.07%,0.05%,21,0,0,0,0,1433,5,95.6%,45,1.4%,1.44%,4.36,310.87
2020-05-15,1498,0,1,0,0.06%,21,0,0,0,0,1428,7,95.33%,49,1.4%,1.45%,4.36,310.66
2020-05-14,1498,1,1,0.07%,0.08%,21,0,0,0,0,1421,10,94.86%,56,1.4%,1.46%,4.36,310.66
2020-05-13,1497,0,1,0,0.08%,21,0,0,0,0,1411,9,94.26%,65,1.4%,1.47%,4.36,310.45
2020-05-12,1497,0,1,0,0.09%,21,0,0,0,0,1402,4,93.65%,74,1.4%,1.48%,4.36,310.45
2020-05-11,1497,0,2,0,0.1%,21,0,0,0,0.71%,1398,12,93.39%,78,1.4%,1.48%,4.36,310.45
2020-05-10,1497,3,1,0.2%,0.09%,21,0,0,0,0.71%,1386,15,92.59%,90,1.4%,1.49%,4.36,310.45
2020-05-09,1494,2,1,0.13%,0.07%,21,0,0,0,0.71%,1371,3,91.77%,102,1.41%,1.51%,4.36,309.83
2020-05-08,1492,2,1,0.13%,0.07%,21,0,0,0,0.71%,1368,21,91.69%,103,1.41%,1.51%,4.36,309.42
2020-05-07,1490,1,2,0.07%,0.11%,21,0,0,0,1.47%,1347,15,90.4%,122,1.41%,1.54%,4.36,309
2020-05-06,1489,1,2,0.07%,0.12%,21,0,0,0,1.47%,1332,16,89.46%,136,1.41%,1.55%,4.36,308.79
2020-05-05,1488,2,2,0.13%,0.13%,21,1,0,5%,1.47%,1316,14,88.44%,151,1.41%,1.57%,4.36,308.59
2020-05-04,1486,-1,2,-0.07%,0.14%,20,0,0,0,0.75%,1302,26,87.62%,164,1.35%,1.51%,4.15,308.17
2020-05-03,1487,0,3,0,0.17%,20,0,0,0,0.75%,1276,10,85.81%,191,1.34%,1.54%,4.15,308.38
2020-05-02,1487,2,2,0.13%,0.16%,20,0,0,0,1.55%,1266,3,85.14%,201,1.34%,1.56%,4.15,308.38
2020-05-01,1485,6,3,0.41%,0.23%,20,1,0,5.26%,1.55%,1263,11,85.05%,202,1.35%,1.56%,4.15,307.96
2020-04-30,1479,3,3,0.2%,0.22%,19,0,0,0,1.63%,1252,11,84.65%,208,1.28%,1.49%,3.94,306.72
2020-04-29,1476,2,4,0.14%,0.24%,19,0,1,0,4.7%,1241,12,84.08%,216,1.29%,1.51%,3.94,306.1
2020-04-28,1474,2,4,0.14%,0.28%,19,0,1,0,5.79%,1229,15,83.38%,226,1.29%,1.52%,3.94,305.68
2020-04-27,1472,3,5,0.2%,0.31%,19,0,1,0,6.98%,1214,34,82.47%,239,1.29%,1.54%,3.94,305.27
2020-04-26,1469,-1,5,-0.07%,0.38%,19,1,1,5.56%,6.98%,1180,38,80.33%,270,1.29%,1.58%,3.94,304.65
2020-04-25,1470,9,7,0.62%,0.48%,18,0,1,0,7.49%,1142,24,77.69%,310,1.22%,1.55%,3.73,304.85
2020-04-24,1461,5,7,0.34%,0.52%,18,1,1,5.88%,7.49%,1118,23,76.52%,325,1.23%,1.58%,3.73,302.99
2020-04-23,1456,5,8,0.34%,0.55%,17,3,1,21.43%,9.82%,1095,59,75.21%,344,1.17%,1.53%,3.53,301.95
2020-04-22,1451,6,9,0.42%,0.66%,14,1,1,7.69%,6.76%,1036,30,71.4%,401,0.96%,1.33%,2.9,300.91
2020-04-21,1445,5,11,0.35%,0.81%,13,1,1,8.33%,5.66%,1006,32,69.62%,426,0.9%,1.28%,2.7,299.67
2020-04-20,1440,9,13,0.63%,0.94%,12,0,1,0,15.9%,974,62,67.64%,454,0.83%,1.22%,2.49,298.63
2020-04-19,1431,9,14,0.63%,1.05%,12,1,1,9.09%,19.47%,912,45,63.73%,507,0.84%,1.3%,2.49,296.76
2020-04-18,1422,13,16,0.92%,1.16%,11,0,1,0,18.17%,867,51,60.97%,544,0.77%,1.25%,2.28,294.9
2020-04-17,1409,8,18,0.57%,1.35%,11,2,1,22.22%,32.46%,816,46,57.91%,582,0.78%,1.33%,2.28,292.2
2020-04-16,1401,15,23,1.08%,1.77%,9,0,1,0,43.57%,770,42,54.96%,622,0.64%,1.16%,1.87,290.54
2020-04-15,1386,20,25,1.46%,1.96%,9,0,1,0,43.57%,728,100,52.53%,649,0.65%,1.22%,1.87,287.43
2020-04-14,1366,17,29,1.26%,2.37%,9,4,1,80%,43.57%,628,82,45.97%,729,0.66%,1.41%,1.87,283.28
2020-04-13,1349,19,35,1.43%,2.89%,5,1,1,25%,32.14%,546,75,40.47%,798,0.37%,0.91%,1.04,279.76
2020-04-12,1330,18,42,1.37%,3.6%,4,0,0,0,28.57%,471,49,35.41%,855,0.3%,0.84%,0.83,275.82
2020-04-11,1312,29,52,2.26%,4.75%,4,2,0,100%,28.57%,422,49,32.16%,886,0.3%,0.94%,0.83,272.09
2020-04-10,1283,44,59,3.55%,5.77%,2,1,0,100%,14.29%,373,56,29.07%,908,0.16%,0.53%,0.41,266.07
2020-04-09,1239,29,63,2.4%,6.54%,1,0,0,0,0,317,35,25.59%,921,0.08%,0.31%,0.21,256.95
2020-04-08,1210,50,72,4.31%,7.99%,1,0,0,0,0,282,41,23.31%,927,0.08%,0.35%,0.21,250.93
2020-04-07,1160,54,73,4.88%,8.72%,1,0,0,0,0,241,65,20.78%,918,0.09%,0.41%,0.21,240.56
2020-04-06,1106,67,74,6.45%,9.43%,1,0,0,0,0,176,20,15.91%,929,0.09%,0.56%,0.21,229.37
2020-04-05,1039,89,75,9.37%,10.6%,1,0,0,0,0,156,29,15.01%,882,0.1%,0.64%,0.21,215.47
2020-04-04,950,82,71,9.45%,11.25%,1,0,0,0,0,127,24,13.37%,822,0.11%,0.78%,0.21,197.01
2020-04-03,868,71,71,8.91%,13.12%,1,0,0,0,0,103,11,11.87%,764,0.12%,0.96%,0.21,180.01
2020-04-02,797,89,73,12.57%,16.14%,1,0,0,0,0,92,9,11.54%,704,0.13%,1.08%,0.21,165.28
2020-04-01,708,61,72,9.43%,19.78%,1,0,0,0,0,83,9,11.72%,624,0.14%,1.19%,0.21,146.83
2020-03-31,647,58,70,9.85%,23.04%,1,0,0,0,0,74,11,11.44%,572,0.15%,1.33%,0.21,134.18
2020-03-30,589,75,70,14.59%,29.06%,1,0,0,0,0,63,7,10.7%,525,0.17%,1.56%,0.21,122.15
2020-03-29,514,63,64,13.97%,34.77%,1,1,0,0,0,56,6,10.89%,457,0.19%,1.75%,0.21,106.59
2020-03-28,451,83,57,22.55%,36.62%,0,0,0,0,0,50,13,11.09%,401,0%,0%,0,93.53
2020-03-27,368,85,47,30.04%,38.16%,0,0,0,0,0,37,10,10.05%,331,0%,0%,0,76.32
2020-03-26,283,78,36,38.05%,39.48%,0,0,0,0,0,27,5,9.54%,256,0%,0%,0,58.69
2020-03-25,205,50,26,32.26%,39.76%,0,0,0,0,0,22,10,10.73%,183,0%,0%,0,42.51
2020-03-24,155,53,20,51.96%,44.67%,0,0,0,0,0,12,12,7.74%,143,0%,0%,0,32.14
2020-03-23,102,36,13,54.55%,44.39%,0,0,0,0,0,0,0,0%,102,0%,0,0,21.15
2020-03-22,66,14,8,26.92%,36.6%,0,0,0,0,0,0,0,0%,66,0%,0,0,13.69
2020-03-21,52,13,7,33.33%,37.52%,0,0,0,0,0,0,0,0%,52,0%,0,0,10.78
2020-03-20,39,11,5,39.29%,35.61%,0,0,0,0,0,0,0,0%,39,0%,0,0,8.09
2020-03-19,28,8,3,40%,30%,0,0,0,0,0,0,0,0%,28,0%,0,0,5.81
2020-03-18,20,8,2,66.67%,24.29%,0,0,0,0,0,0,0,0%,20,0%,0,0,4.15
2020-03-17,12,4,1,50%,14.76%,0,0,0,0,0,0,0,0%,12,0%,0,0,2.49
2020-03-16,8,0,0,0,7.62%,0,0,0,0,0,0,0,0%,8,0%,0,0,1.66
2020-03-15,8,2,0,33.33%,7.62%,0,0,0,0,0,0,0,0%,8,0%,0,0,1.66
2020-03-14,6,1,0,20%,2.86%,0,0,0,0,0,0,0,0%,6,0%,0,0,1.24
2020-03-13,5,0,0,0,3.57%,0,0,0,0,0,0,0,0%,5,0%,0,0,1.04
2020-03-12,5,0,0,0,8.33%,0,0,0,0,0,0,0,0%,5,0%,0,0,1.04
2020-03-11,5,0,0,0,8.33%,0,0,0,0,0,0,0,0%,5,0%,0,0,1.04
2020-03-10,5,0,1,0,36.9%,0,0,0,0,0,0,0,0%,5,0%,0,0,1.04
2020-03-09,5,0,1,0,36.9%,0,0,0,0,0,0,0,0%,5,0%,0,0,1.04
2020-03-08,5,0,1,0,36.9%,0,0,0,0,0,0,0,0%,5,0%,0,0,1.04
2020-03-07,5,1,1,25%,36.9%,0,0,0,0,0,0,0,0%,5,0%,0,0,1.04
2020-03-06,4,1,0,33.33%,33.33%,0,0,0,0,0,0,0,0%,4,0%,0,0,0.83
2020-03-05,3,0,0,0,28.57%,0,0,0,0,0,0,0,0%,3,0%,0,0,0.62
2020-03-04,3,2,1,200%,33.33%,0,0,0,0,0,0,0,0%,3,0%,0,0,0.62
2020-03-03,1,0,0,0,0,0,0,0,0,0,0,0,0%,1,0%,0,0,0.21
2020-03-02,1,0,0,0,0,0,0,0,0,0,0,0,0%,1,0%,0,0,0.21
2020-03-01,1,0,0,0,0,0,0,0,0,0,0,0,0%,1,0%,0,0,0.21
2020-02-29,1,0,1,0,0,0,0,0,0,0,0,0,0%,1,0%,0,0,0.21
2020-02-28,1,1,1,0,0,0,0,0,0,0,0,0,0%,1,0%,0,0,0.21
